22CEB111,GL6651
22CEB119,GK1496
22CEB120,GK8112
22CEB121,GH0712
22CEB125,GL5551
22CEB130,GK8922
22CEB171,GN8025
22CEB174,GN8028
22CEB177,GN8030
22CEB181,GN8170
22CEB202,GK7299
22CEB204,GK7297
22CEB224,GK7053
22CEB226,GK0830
22CEB274,GN8035
22CEB275,GN8036
22CEB277,GL4958
22CEB287,GN8110
22CEB352,GK7098
22CEB356,GN2548
22CEB366,GL8579
22CEB375,GK6247
22CEB376,GL8311
22CEB378,GN8044
22CEB380,GM1531
22CEB381,GN8045
22CEB422,GK8951
22CEB431,GL4383
22CEB433,GN8882
22CEB455,GN8844