22COB101,GN2403
22COB107,GM1536
22COB109,GN2413
22COB112,GL3815
22COB129,GN2428
22COB131,GL8086
22COB132,GN2430
22COB138,GN2435
22COB148,GK7033
22COB149,GN2443
22COB150,GN2444
22COB154,GL5628
22COB166,GL6648
22COB168,GN2461
22COB186,GL8004
22COB170,GN2462
22COB187,GM1534
22COB188,GM6039
22COB189,GN8155
22COB190,GN8360
22COB201,GN2464
22COB221,GN2474
22COB225,GL5639
22COB228,GN2479
22COB229,GN2482
22COB232,GN2484
22COB235,GN2487
22COB247,GN2497
22COB255,GN2500
22COB256,GK6341
22COB264,GL8455
22COB265,GN2504
22COB272,GN8032
22COB301,GK7296
22COB307,GN2516
22COB310,GN2519
22COB323,GN2528
22COB324,GN2530
22COB328,GN2532
22COB335,GM5995
22COB336,GM1518
22COB337,GN2538
22COB348,GN2543
22COB355,GK8946
22COB357,GN2549
22COB358,GN2550
22COB370,GK1557
22COB403,GN2555
22COB406,GL3424
22COB407,GN2557
22COB416,GN2561
22COB434,GN2573
22COB518,GN2609
22COB549,GM6433
22COB643,GM5424
22COB644,GN4732
22COB658,GN4728
22COB667,GL4251
22COB675,GL4004
22COB676,GL4030
21COB348,GL5210