22ELB103,GN2408
22ELB108,GN2412
22ELB113,GL5712
22ELB122,GN2423
22ELB123,GN2424
22ELB124,GN2425
22ELB133,GN2431
22ELB134,GM1874
22ELB139,GN2437
22ELB141,GN2438
22ELB142,GN2439
22ELB151,GN2445
22ELB153,GL9778
22ELB156,GN2449
22ELB207,GN2466
22ELB208,GJ4899
22ELB213,GM5341
22ELB216,GN2471
22ELB231,GN2483
22ELB233,GN2485
22ELB238,GL8520
22ELB243,GN2493
22ELB244,GN2494
22ELB248,GM1526
22ELB260,GL6516
22ELB263,GL8458
22ELB283,GM1791
22ELB284,GN8099
22ELB285,GN8116
22ELB286,GN8437
22ELB304,GM5297
22ELB305,GM1520
22ELB313,GM1490
22ELB331,GN2536
22ELB339,GM1642
22ELB360,GK1731
22ELB362,GK8345
22ELB363,GN2553
22ELB365,GL1686
22ELB368,GM1802
22ELB369,GN2554
22ELB389,GM5588
22ELB405,GN2556
22ELB413,GN2559
22ELB424,GL8032
22ELB437,GN2574
22ELB439,GL9044
22ELB458,GN2590
22ELB469,GK6443
22ELB521,GN2611
22ELB524,GL5513
22ELB550,GM6434
22ELB560,GN4778
22ELB654,GK1225
22ELB660,GK6079
22ELB674,GL4005
22ELB680,GL4364
22ELB684,GL4038
22ELB689,GL4354
22ELB441,GN2576
22ELB527,GM5756
22ELB541,GL1688