22EEB105,GM1770
22EEB106,GN2411
22EEB117,GL5262
22EEB118,GN2418
22EEB127,GL4318
22EEB155,GN2448
22EEB157,GN2450
22EEB160,GL5406
22EEB161,GM1565
22EEB162,GN2456
22EEB163,GL3816
22EEB167,GN2460
22EEB169,GL4377
22EEB179,GN8031
22EEB185,GN8600
22EEB191,GN8065
22EEB203,GM1773
22EEB205,GN2465
22EEB215,GL9072
22EEB220,GL4965
22EEB222,GN2475
22EEB223,GN2477
22EEB230,GM5990
22EEB240,GN2492
22EEB246,GN2495
22EEB252,GK6592
22EEB254,GK7304
22EEB269,GN2509
22EEB278,GN8037
22EEB309,GN2517
22EEB314,GL9265
22EEB326,GL5269
22EEB332,GK7005
22EEB338,GK6221
22EEB341,GN2540
22EEB347,GN2542
22EEB364,GM1728
22EEB402,GL3417
22EEB404,GL5313
22EEB408,GK6237
22EEB410,GL6545
22EEB411,GK6219
22EEB412,GM1859
22EEB414,GK7271
22EEB419,GN2563
22EEB427,GN2570
22EEB428,GL5618
22EEB436,GK6262
22EEB443,GN2580
22EEB447,GK8273
22EEB449,GL4432
22EEB450,GM1848
22EEB454,GK8876
22EEB465,GM1781
22EEB484,GK7565
22EEB488,GN8798
22EEB510,GN0085
22EEB513,GN2604
22EEB514,GN2605
22EEB534,GL5254
22EEB537,GN8958
22EEB548,GN8910
22EEB558,GL8939
22EEB562,GM6443
22EEB625,GN4745
22EEB633,GN4729
22EEB639,GN4762
22EEB666,GL4241
22EEB670,GL4201
21EEB206,GK7248
22EEB343,GN2541
22EEB391,GM5662