22COB101,GN2403
22COB102,GL8366
22ELB103,GN2408
22EEB105,GM1770
22EEB106,GN2411
22COB107,GM1536
22ELB108,GN2412
22COB109,GN2413
22MEB110,GN2414
22CEB111,GL6651
22COB112,GL3815
22ELB113,GL5712
22EEB114,GN2416
22MEB115,GK8992
22EEB116,GN2417
22EEB117,GL5262
22EEB118,GN2418
22CEB119,GK1496
22CEB120,GK8112
22ELB122,GN2423
22ELB123,GN2424
22ELB124,GN2425
22CEB125,GL5551
22MEB126,GM1674
22EEB127,GL4318
22CHB128,GN2427
22MEB129,GN2428
22CEB130,GK8922
22ELB131,GL8086
22COB132,GN2430
22ELB133,GN2431
22ELB134,GM1874
22AEB136,GM1595
22MEB137,GN2434
22COB138,GN2435
22ELB139,GN2437
22ELB140,GL4411
21MEB307,GM6629
22ELB141,GN2438
22ELB142,GN2439
22MEB143,GK4796
22ELB144,GK7091
22AIB145,GN2442
22MEB146,GK8873
22AIB147,GM1864
22COB148,GK7033
22COB149,GN2443
22COB150,GN2444
22MEB151,GN2445
22AIB152,GN2446
22ELB153,GL9778
22COB154,GL5628
22MEB155,GN2448
22ELB156,GN2449
22EEB157,GN2450
22AEB158,GN2451
22AIB159,GN2452
22EEB160,GL5406
22EEB161,GM1565
22EEB162,GN2456
22EEB163,GL3816
22MEB164,GM1820
22MEB165,GM5996
22COB166,GL6648
22EEB167,GN2460
22COB168,GN2461
22EEB169,GL4377
22COB170,GN2462
22CEB171,GN8025
22PKB172,GM6122
22MEB173,GL6695
22CEB174,GN8028
22AEB175,GN8029
22CHB176,GK7115
22CEB177,GN8030
22FTB178,GK9917
22MEB179,GN8031
22AEB180,GN8517
22CEB181,GN8170
22AEB182,GL6526
22AEB184,GN8451
22EEB185,GN8600
22COB187,GM1534
22COB188,GM6039
22COB189,GN8155
22COB190,GN8360
22EEB191,GN8065
20MEB031,GL2256
20EEB222,GL9718
20EEB438,GL9698